cluster,label,keywords,size,mean_output_score,max_output_score,rep_feature_id,rep_output_score,rep_vocabs_present,rep_top_tokens_preview,steering_features
0,werb / WebServlet / Two,"werb, WebServlet, Two, DeltaTime, An",2,0.00048367372620850804,0.0005901283957064152,218,0.0005901283957064152,clar_vocab2,"

, 볍, WebServlet, werb, DeltaTime","[218, 488]"
1,goal / Wish / Goal,"goal, Wish, Goal, wish, dream, WISH, GOAL",2,9.286366403102875e-07,9.294897317886353e-07,455,9.294897317886353e-07,question,"goal, Goal,  goal,  Goal,  GOAL","[455, 131]"
36,because,because,1,0.9916953449249267,0.9916953449249267,771,0.9916953449249267,"clar_vocab2,combined,question","., ,, ;,  because, ..",[771]
47,verhe / represents / is,"verhe, represents, is, defaultstate",1,0.11688141107559204,0.11688141107559204,232,0.11688141107559204,question," is, 帖最后由,  represents,  defaultstate,  verhe",[232]
31,both / begge / ambos,"both, begge, ambos, Both",1,0.02676307964324951,0.02676307964324951,344,0.02676307964324951,clar_vocab2," both,  begge, Both,  ambos, both",[344]
33,par / far / core,"par, far, core",1,0.006793524667620659,0.006793524667620659,359,0.006793524667620659,combined," ,  far, core, ::,  par",[359]
48,Ready / Private / Practice,"Ready, Private, Practice, John",1,0.006137344405055046,0.006137344405055046,527,0.006137344405055046,"clar_vocab2,combined,question"," ,  Ready,  Private,  Practice,  John",[527]
39,simple / tiny / semplici,"simple, tiny, semplici, piccoli",1,0.0016523818820714951,0.0016523818820714951,711,0.0016523818820714951,"combined,question"," simple,  tiny, simple,  piccoli,  semplici",[711]
29,global / worldwide / weltweit,"global, worldwide, weltweit, globally",1,0.001154655985534191,0.001154655985534191,229,0.001154655985534191,"combined,question"," global,  worldwide,  globally,  weltweit, global",[229]
35,Everything / everything / enterOuterAlt,"Everything, everything, enterOuterAlt, Bronnen",1,0.0008175585046410561,0.0008175585046410561,383,0.0008175585046410561,"clar_vocab2,combined"," everything, enterOuterAlt,  Everything, Everything, Bronnen",[383]
46,December / month / June,"December, month, June, January",1,0.0005277185216546058,0.0005277185216546058,318,0.0005277185216546058,"combined,question"," December,  month,  June, December,  January",[318]
50,same / similar / other,"same, similar, other, another",1,0.0003071726895868778,0.0003071726895868778,480,0.0003071726895868778,"combined,question"," similar,  other,  same,  another, same",[480]
45,système / system / systeem,"système, system, systeem, ssystem, sistema",1,0.000234923692420125,0.000234923692420125,688,0.000234923692420125,"clar_vocab2,combined"," system,  système,  systeem,  sistema, ssystem",[688]
49,price / Price / priced,"price, Price, priced",1,0.0002120317332446575,0.0002120317332446575,565,0.0002120317332446575,clar_vocab2," price,  Price,  priced, price, Price",[565]
51,member / Member / members,"member, Member, members",1,9.022121783345938e-05,9.022121783345938e-05,493,9.022121783345938e-05,"combined,question"," member, member,  Member, Member,  members",[493]
37,now / Now / ahora,"now, Now, ahora",1,7.842666050419211e-05,7.842666050419211e-05,591,7.842666050419211e-05,"clar_vocab2,combined"," now,  Now, Now, now,  ahora",[591]
24,Philippine / Philippines / Filipinos,"Philippine, Philippines, Filipinos, Filipino",1,4.745042603462934e-05,4.745042603462934e-05,33,4.745042603462934e-05,"combined,question"," Philippine,  Philippines,  Filipino, Philippine,  Filipinos",[33]
53,Is / I / 1,"Is, I, 1",1,4.49463464319706e-05,4.49463464319706e-05,748,4.49463464319706e-05,"clar_vocab2,combined,question","I, 1, 
, 

, Is",[748]
30,Images / photographed / photo,"Images, photographed, photo, images",1,4.2676773853600025e-05,4.2676773853600025e-05,630,4.2676773853600025e-05,"clar_vocab2,combined"," images, photo,  photographed,  Images, Images",[630]
38,free / gratuite / gratis,"free, gratuite, gratis, FREE",1,3.500085440464318e-05,3.500085440464318e-05,113,3.500085440464318e-05,"combined,question"," free,  gratis, free,  FREE,  gratuite",[113]
54,Budget / budget / Budgets,"Budget, budget, Budgets, Budgeting",1,2.4572219699621198e-05,2.4572219699621198e-05,19,2.4572219699621198e-05,"clar_vocab2,combined"," Budgets,  Budget, Budget,  Budgeting,  budget",[19]
52,pesky / ongoing / Ongoing,"pesky, ongoing, Ongoing, Displayed",1,2.2506345994770524e-05,2.2506345994770524e-05,322,2.2506345994770524e-05,"combined,question"," ongoing,  Ongoing, 된, Displayed,  pesky",[322]
25,experienced / Experienced,"experienced, Experienced",1,2.1366644650697707e-05,2.1366644650697707e-05,152,2.1366644650697707e-05,combined," experienced, experienced, Experienced,  Experienced, 经验",[152]
26,wind / Wind / winds,"wind, Wind, winds",1,1.72607337590307e-05,1.72607337590307e-05,628,1.72607337590307e-05,clar_vocab2," wind,  Wind, Wind, wind,  winds",[628]
18,,,1,1.3389878440648318e-05,1.3389878440648318e-05,299,1.3389878440648318e-05,combined,"          ,               ,                          ,                         ,                           ",[299]
32,project / mitigation / mapStateToProps,"project, mitigation, mapStateToProps, decision, consultants",1,1.1427799006924033e-05,1.1427799006924033e-05,94,1.1427799006924033e-05,"combined,question"," mitigation, mapStateToProps,  decision,  consultants,  project",[94]
27,Similarly / similarly / Likewise,"Similarly, similarly, Likewise, same",1,8.869764860719442e-06,8.869764860719442e-06,721,8.869764860719442e-06,clar_vocab2," same,  similarly, Similarly,  Similarly, Likewise",[721]
28,Boring / uninteresting / boring,"Boring, uninteresting, boring, bland",1,8.042585104703903e-06,8.042585104703903e-06,584,8.042585104703903e-06,"clar_vocab2,combined"," boring, Boring,  Boring,  uninteresting,  bland",[584]
13,optimum / optimize / optimale,"optimum, optimize, optimale, optimal, Optimal",1,5.607719067484141e-06,5.607719067484141e-06,666,5.607719067484141e-06,"clar_vocab2,combined"," optimal,  optimum,  Optimal,  optimize,  optimale",[666]
40,feedback / editing / corregir,"feedback, editing, corregir, correction, Feedback",1,3.2161111012101175e-06,3.2161111012101175e-06,182,3.2161111012101175e-06,"clar_vocab2,combined"," feedback,  correction,  corregir,  editing, Feedback",[182]
22,wiederum / lagi / again,"wiederum, lagi, again, Lagi, also",1,2.4029714986681937e-06,2.4029714986681937e-06,708,2.4029714986681937e-06,question," again,  lagi,  also,  Lagi,  wiederum",[708]
14,muerte / mourut / died,"muerte, mourut, died, death, Death",1,2.3439060896635056e-06,2.3439060896635056e-06,376,2.3439060896635056e-06,"combined,question"," death,  died,  mourut,  muerte,  Death",[376]
43,tagHelperRunner / franchise / characters,"tagHelperRunner, franchise, characters, Franchise, Characters",1,2.1665883250534533e-06,2.1665883250534533e-06,596,2.1665883250534533e-06,"clar_vocab2,combined"," characters,  Characters, tagHelperRunner,  franchise,  Franchise",[596]
44,two / numerous / many,"two, numerous, many, an, also",1,1.5819102991372348e-06,1.5819102991372348e-06,166,1.5819102991372348e-06,"clar_vocab2,question"," also,  numerous,  an,  two,  many",[166]
23,pcl / easily / clearly,"pcl, easily, clearly, <strong>, <code>",1,1.5167468227446079e-06,1.5167468227446079e-06,348,1.5167468227446079e-06,"combined,question"," clearly,  easily, <strong>, pcl, <code>",[348]
11,undeniable / unavoidable / inevitable,"undeniable, unavoidable, inevitable, inevit, indisputable",1,1.1027383152395488e-06,1.1027383152395488e-06,372,1.1027383152395488e-06,combined," inevitable,  undeniable,  indisputable,  inevit,  unavoidable",[372]
41,Athlete / athletes / Players,"Athlete, athletes, Players, Athletes",1,1.0451478883624077e-06,1.0451478883624077e-06,759,1.0451478883624077e-06,combined," Athletes,  athletes, Players, Athlete,  Athlete",[759]
12,wpdb / provider / afficheront,"wpdb, provider, afficheront",1,9.261630475521088e-07,9.261630475521088e-07,810,9.261630475521088e-07,combined," provider, wpdb, afficheront, 出版年,  ویکی‌پدیا",[810]
5,walkthrough / rinth / oa̍t,"walkthrough, rinth, oa̍t, ksamkeit, gebung",1,7.562092505395412e-07,7.562092505395412e-07,671,7.562092505395412e-07,clar_vocab2," walkthrough, ksamkeit, gebung, rinth, oa̍t",[671]
21,weighted / factor / doPost,"weighted, factor, doPost, Panamoan",1,6.908392533659935e-07,6.908392533659935e-07,247,6.908392533659935e-07,combined," weighted,  factor, Panamoan,  <<<<<<<<<<<<<<, doPost",[247]
17,Above / above / ThemeOverlay,"Above, above, ThemeOverlay, FormTagHelper",1,5.178549326956272e-07,5.178549326956272e-07,176,5.178549326956272e-07,"clar_vocab2,combined"," Above, FormTagHelper, Above, above, ThemeOverlay",[176]
34,or / AnimationsModule / <eos>,"or, AnimationsModule, <eos>",1,5.167212802916765e-07,5.167212802916765e-07,21,5.167212802916765e-07,"clar_vocab2,combined,question"," or,  /, <eos>, /, AnimationsModule",[21]
42,national / National / NATIONAL,"national, National, NATIONAL",1,4.67320904135704e-07,4.67320904135704e-07,457,4.67320904135704e-07,clar_vocab2," national,  National, National,  NATIONAL, national",[457]
16,thyst / chakras / aromatherapy,"thyst, chakras, aromatherapy, Wy, Revenir",1,3.9992551319301126e-07,3.9992551319301126e-07,58,3.9992551319301126e-07,"combined,question"," chakras, Revenir,  aromatherapy, thyst, Wy",[58]
15,simplify / simplifying / simplified,"simplify, simplifying, simplified, Simplify",1,1.724038738757372e-07,1.724038738757372e-07,549,1.724038738757372e-07,clar_vocab2,"simplify,  simplify,  Simplify,  simplifying, simplified",[549]
10,scoring / scores / score,"scoring, scores, score, scale, questionnaire",1,1.6819755546748639e-07,1.6819755546748639e-07,242,1.6819755546748639e-07,"clar_vocab2,combined"," scores,  score,  questionnaire,  scoring,  scale",[242]
20,tableware / containers / container,"tableware, containers, container, bowls, bowl",1,1.6819755546748639e-07,1.6819755546748639e-07,275,1.6819755546748639e-07,"combined,question"," containers,  tableware,  bowls,  container,  bowl",[275]
7,lists / list / collections,"lists, list, collections, collection, List",1,1.1099688708782196e-07,1.1099688708782196e-07,106,1.1099688708782196e-07,"clar_vocab2,combined,question"," list,  lists,  collections,  List,  collection",[106]
8,suburb / neighbourhoods / neighbourhood,"suburb, neighbourhoods, neighbourhood, neighborhoods, neighborhood",1,1.1099688708782196e-07,1.1099688708782196e-07,603,1.1099688708782196e-07,"combined,question"," neighborhoods,  neighbourhoods,  suburb,  neighborhood,  neighbourhood",[603]
6,brew / attn / ATT,"brew, attn, ATT",1,5.514943040907383e-08,5.514943040907383e-08,211,5.514943040907383e-08,"clar_vocab2,combined,question",", attn, ­, brew, ATT",[211]
19,verify / verified / inspect,"verify, verified, inspect, dug, confirm",1,5.464721471071243e-08,5.464721471071243e-08,579,5.464721471071243e-08,"combined,question"," inspect,  verified,  dug,  verify,  confirm",[579]
2,Garage / garages / garagem,"Garage, garages, garagem, garage",1,5.449447780847549e-08,5.449447780847549e-08,250,5.449447780847549e-08,clar_vocab2," garage,  Garage, Garage,  garages,  garagem",[250]
3,issued / coins / Coins,"issued, coins, Coins, Coin",1,5.449447780847549e-08,5.449447780847549e-08,387,5.449447780847549e-08,clar_vocab2," coins,  Coins, +#+#,  issued,  Coin",[387]
4,waste / Waste / WASTE,"waste, Waste, WASTE",1,5.449447780847549e-08,5.449447780847549e-08,83,5.449447780847549e-08,"combined,question"," waste,  WASTE,  Waste, Waste, waste",[83]
9,iteration / installment / inaugural,"iteration, installment, inaugural, fifth, edition",1,5.449447780847549e-08,5.449447780847549e-08,84,5.449447780847549e-08,"combined,question"," edition,  iteration,  installment,  inaugural,  fifth",[84]
